ID;Organisation;Sector;Subsector;Service;Province_CODE;Municipality_CODE;Barangay;Status;Beneficiaries;Beneficiary_type
1;PRC;SRR;Rescue;Rescued/Assisted;155;15501;Cabugawan;Finished;9;individuals
2;PRC;Relief;Ready-to-Eat;Hot Meals;133;13301;Cabugawan;Finished;9;individuals
3;PRC;Relief;Non-Food Items;Thermal Blanket;133;13301;Cabugawan;Finished;9;individuals
4;PRC;Relief;Ready-to-Eat;Hot Meals;215;21502;Cabatacan;Finished;211;individuals
5;PRC;Relief;Ready-to-Eat;Hot Meals;215;21502;San Isidro;Finished;172;individuals
6;PRC;Health ;Health;First Aid Station;215;21502;Poblacion;Finished;1;area
7;PRC;Health ;PSS;Welfare Desk;215;21502;San Isidro Sur;Finished;;Evacuation Center
8;PRC;Relief;Ready-to-Eat;Biscuits;215;21502;;Finished;89;individuals
9;PRC;Relief;Water;Bottled Water;215;21502;;Finished;89;individuals
10;PRC;Relief;Ready-to-Eat;Biscuits;215;21502;Tatalon;Finished;215;individuals
11;PRC;Relief;Ready-to-Eat;Biscuits;215;21502;Roxas;Finished;154;individuals
12;PRC;Relief;Ready-to-Eat;Biscuits;215;21502;Dona Imelda;Finished;236;individuals
13;PRC;Relief;Ready-to-Eat;Biscuits;215;21502;Bagong Silangan;Finished;260;individuals
14;PRC;Relief;Ready-to-Eat;Biscuits;215;21502;Masambong;Finished;40;individuals
15;PRC;Relief;Ready-to-Eat;Biscuits;215;21502;Sta. Lucia;Finished;260;individuals
16;PRC;Relief;Ready-to-Eat;Biscuits;215;21502;Apolonio Samson;Finished;363;individuals
17;PRC;Relief;Ready-to-Eat;Biscuits;215;21502;Maresa;Finished;32;individuals
18;PRC;Health ;Health;First Aid;215;21502;Dona Imelda;Finished;3;individuals
19;PRC;Health ;Health;First Aid;215;21503;Bagong Silangan;Finished;1;individuals
20;PRC;Health ;Health;Blood Pressure;215;21503;Dona Imelda;Finished;22;individuals
21;PRC;Health ;Health;Blood Pressure;215;21503;Bagong Silangan;Finished;49;individuals
22;PRC;Relief;Ready-to-Eat;Hot Meals;215;21503;Santa Monica;Finished;20;individuals
23;PRC;Relief;Ready-to-Eat;Hot Meals;215;21503;San Clemente;Finished;39;individuals
24;PRC;Relief;Ready-to-Eat;Hot Meals;215;21504;Poblacion;Finished;135;individuals
25;PRC;Relief;Ready-to-Eat;Hot Meals;215;21504;Vacunero;Finished;17;individuals
26;PRC;Relief;Ready-to-Eat;Biscuits;215;21504;Poblacion Norte;Finished;292;individuals
27;PRC;Relief;Ready-to-Eat;Biscuits;215;21504;Calumbaya;Finished;374;individuals
28;PRC;Health ;PSS;Welfare Desk;215;21504;San Agustin;Finished;;Evacuation Center
29;PRC;Relief;Ready-to-Eat;Hot Meals;215;21504;;Finished;75;individuals
30;PRC;Relief;Ready-to-Eat;Hot Meals;215;21504;San Agustin;Finished;227;individuals
31;PRC;Health ;Health;First Aid;215;21504;San Agustin;Finished;5;individuals
32;PRC;Health ;Health;Blood Units;215;21504;Carlatan;Finished;7;units
33;PRC;Health ;PSS;PSP;215;21504;San Agustin;Finished;92;individuals
34;PRC;Health ;PSS;Welfare Desk;215;21504;;Finished;;Evacuation Center
35;PRC;Health ;Health;Blood Units;215;21504;;Finished;1;units
36;PRC;Relief;Ready-to-Eat;Hot Meals;215;21504;San Vicente;Finished;33;individuals
37;PRC;Relief;Ready-to-Eat;Hot Meals;215;21504;Bagumbayan;Finished;140;individuals
38;PRC;Relief;Ready-to-Eat;Biscuits;215;21504;San Vicente;Finished;33;individuals
39;PRC;Relief;Ready-to-Eat;Biscuits;215;21504;Bagumbayan;Finished;140;individuals
40;PRC;Relief;Ready-to-Eat;Biscuits;215;21504;Pamonooran;Finished;25;individuals
41;PRC;Relief;Ready-to-Eat;Bread;215;21504;La Salvacion;Finished;35;individuals
42;PRC;Relief;Ready-to-Eat;Bread;215;21504;Old Moriones;Finished;47;individuals
43;PRC;Relief;Water;Bottled Water;215;21504;La Salvacion;Finished;35;individuals
44;PRC;Relief;Water;Bottled Water;215;21504;Old Moriones;Finished;47;individuals
45;PRC;Health ;Health;Blood Pressure;215;21504;;Finished;8;individuals
46;PRC;Health ;Health;Blood Pressure;215;21504;;Finished;8;individuals
47;PRC;Health ;Health;Blood Pressure;215;21504;;Finished;8;individuals
48;PRC;Relief;Ready-to-Eat;Hot Meals;215;21504;;Finished;450;individuals
49;PRC;Relief;Non-Food Items;Towels;215;21504;;Finished;76;individuals
50;PRC;Relief;Ready-to-Eat;Hot Meals;215;21504;Poblacion;Finished;150;individuals
51;PRC;Relief;Non-Food Items;Sleeping Kit (Plastic Mats);215;21504;;Finished;5;families
52;PRC;Relief;Non-Food Items;Sleeping Kit (Plastic Mats);215;21504;Bulanao;Finished;5;families
53;PRC;Relief;Ready-to-Eat;Hot Meals;215;21504;Barangay 20 Isla Puting Bato;Finished;650;individuals
54;PRC;Relief;Ready-to-Eat;Hot Meals;215;21504;Baseco;Finished;427;individuals
55;PRC;Relief;Ready-to-Eat;Hot Meals;133;13302;Barangay 101 Vitas Tondo;Finished;100;individuals
56;PRC;Relief;Ready-to-Eat;Hot Meals;1411;141101;;Finished;220;individuals
57;PRC;Relief;Ready-to-Eat;Hot Meals;1411;141101;;Finished;225;individuals
58;PRC;Relief;Ready-to-Eat;Hot Meals;133;13303;;Finished;183;individuals
59;PRC;SRR;Rescue;Rescued/Assisted;128;12803;Barangay 102;Finished;1;individuals
60;PRC;Relief;Ready-to-Eat;Biscuits;215;21506;;Finished;83;individuals
61;PRC;Relief;Ready-to-Eat;Hot Meals;215;21506;Buli;Finished;187;individuals
62;PRC;Relief;Ready-to-Eat;Hot Meals;215;21506;Cupang;Finished;1435;individuals
63;PRC;Health ;PSS;Welfare Desk;215;21506;;Finished;;Evacuation Center
64;PRC;Health ;Health;First Aid;215;21506;Darigayos;Finished;2;individuals
65;PRC;Relief;Ready-to-Eat;Hot Meals;215;21506;Darigayos;Finished;208;individuals
66;PRC;Health ;PSS;Welfare Desk;215;21506;Darigayos;Finished;;Evacuation Center
67;PRC;Health ;PSS;PSP;215;21506;Darigayos;Finished;208;individuals
68;PRC;Health ;PSS;Welfare Desk;215;21506;;Finished;;Evacuation Center
69;PRC;Relief;Ready-to-Eat;Hot Meals;215;21506;;Finished;219;individuals
70;PRC;Health ;PSS;PSP;215;21506;Centro;Finished;219;individuals
71;PRC;Relief;Ready-to-Eat;Hot Meals;215;21506;Sevilla;Finished;37;individuals
72;PRC;Relief;Ready-to-Eat;Hot Meals;215;21506;Sevilla;Finished;25;individuals
73;PRC;Relief;Ready-to-Eat;Hot Meals;215;21506;Sevilla;Finished;196;individuals
74;PRC;Relief;Ready-to-Eat;Hot Meals;215;21506;San Francisco;Finished;113;individuals
75;PRC;Relief;Ready-to-Eat;Hot Meals;215;21506;Poro;Finished;21;individuals
76;PRC;Relief;Ready-to-Eat;Hot Meals;215;21506;San Isidro;Finished;71;individuals
77;PRC;SRR;Rescue;Rescued/Assisted;215;21506;Sagud Baley;Finished;43;individuals
78;PRC;Relief;Ready-to-Eat;Hot Meals;215;21506;Centro;Finished;2498;individuals
79;PRC;Health ;PSS;PSP;215;21506;Centro;Finished;1050;individuals
80;PRC;WASH;Hygiene Promotion;Hygiene Promotion;215;21506;Centro;Finished;200;individuals
81;PRC;Health ;Health;First Aid;215;21506;Centro;Finished;1;individuals
82;PRC;Health ;Health;Blood Pressure;215;21506;Centro;Finished;300;individuals
83;PRC;Health ;Referral;Health Referral;215;21506;Centro;Finished;30;individuals
84;PRC;Health ;PSS;Welfare Desk;215;21506;Centro;Finished;;Evacuation Center
85;PRC;Health ;Referral;Welfare Referral;215;21506;Centro;Finished;50;individuals
86;PRC;Health ;RFL;Tracing;215;21506;Centro;Finished;2;individuals
87;PRC;Health ;RFL;RFL (I am Alive);215;21506;Centro;Finished;6;individuals
88;PRC;Assessment;Assessment;RDANA;215;21506;;Finished;1;area
89;PRC;WASH;Hygiene Promotion;Hygiene Promotion;215;21506;Centro;Finished;500;individuals
90;PRC;WASH;Hygiene Promotion;Hygiene Promotion;215;21506;Villa;Finished;200;individuals
91;PRC;WASH;Hygiene Promotion;Hygiene Promotion;215;21506;Mission;Finished;500;individuals
92;PRC;WASH;Hygiene Promotion;Hygiene Promotion;215;21506;Centro;Finished;500;individuals
93;PRC;WASH;Hygiene Promotion;Hygiene Promotion;215;21506;Guinatan;Finished;32;individuals
94;PRC;Assessment;Assessment;RDANA;215;21506;;Finished;1;area
95;PRC;Assessment;Assessment;RDANA;215;21506;;Finished;1;area
96;PRC;Assessment;Assessment;RDANA;215;21506;;Finished;1;area
97;PRC;Assessment;Assessment;RDANA;215;21506;;Finished;1;area
98;PRC;Relief;Ready-to-Eat;Hot Meals;215;21506;San Vicente;Finished;33;individuals
99;PRC;Relief;Ready-to-Eat;Hot Meals;215;21506;Bagumbayan;Finished;140;individuals
100;PRC;Relief;Ready-to-Eat;Hot Meals;215;21506;Simanu Sur;Finished;136;individuals
101;PRC;Relief;Ready-to-Eat;Hot Meals;215;21506;;Finished;293;individuals
102;PRC;Relief;Ready-to-Eat;Hot Meals;215;21506;;Finished;398;individuals
103;PRC;Relief;Ready-to-Eat;Hot Meals;215;21506;;Finished;202;individuals
104;PRC;Relief;Ready-to-Eat;Hot Meals;215;21506;;Finished;40;individuals
105;PRC;Relief;Ready-to-Eat;Hot Meals;215;21506;;Finished;101;individuals
106;PRC;Relief;Ready-to-Eat;Hot Meals;215;21506;;Finished;17;individuals
107;PRC;Relief;Ready-to-Eat;Hot Meals;215;21506;;Finished;202;individuals
108;PRC;Relief;Ready-to-Eat;Hot Meals;215;21506;;Finished;40;individuals
109;PRC;Relief;Ready-to-Eat;Hot Meals;215;21506;;Finished;101;individuals
110;PRC;Relief;Ready-to-Eat;Hot Meals;215;21506;;Finished;17;individuals
111;PRC;Relief;Ready-to-Eat;Biscuits;215;21506;Calapan;Finished;55;individuals
112;PRC;Relief;Ready-to-Eat;Biscuits;215;21506;Sta Lucia East;Finished;229;individuals
113;PRC;Health ;PSS;PSP;215;21506;Banaoang East ;Finished;10;individuals
114;PRC;Health ;PSS;PSP;215;21506;Banaoang West ;Finished;2;individuals
115;PRC;Health ;PSS;PSP;215;21506;Salumague;Finished;10;individuals
116;PRC;Health ;PSS;PSP;215;21506;Sta. Lucia Wes;Finished;25;individuals
117;PRC;Health ;PSS;PSP;215;21506;Baquero Norte;Finished;13;individuals
118;PRC;Health ;PSS;PSP;215;21506;Poblacion;Finished;55;individuals
119;PRC;Health ;PSS;PSP;215;21506;Sta. Lucia East;Finished;14;individuals
120;PRC;Health ;PSS;PSP;215;21506;Calapan;Finished;5;individuals
121;PRC;Health ;PSS;PSP;215;21506;San Isidro;Finished;8;individuals
122;PRC;Relief;Food Items;Food Items (Standard);215;21506;Poblacion;Finished;30;families
123;PRC;Relief;Ready-to-Eat;Biscuits;215;21506;Sta. Lucia West;Finished;678;individuals
124;PRC;Relief;Ready-to-Eat;Biscuits;215;21506;Banaoang East;Finished;90;individuals
125;PRC;Relief;Ready-to-Eat;Biscuits;215;21506;Banaoang West;Finished;126;individuals
126;PRC;Relief;Ready-to-Eat;Biscuits;215;21506;Salumague;Finished;847;individuals
127;PRC;Relief;Ready-to-Eat;Biscuits;215;21506;Baquero Norte;Finished;90;individuals
128;PRC;Relief;Ready-to-Eat;Biscuits;215;21506;Baquero Sur;Finished;231;individuals
129;PRC;Relief;Ready-to-Eat;Biscuits;215;21506;Alupid;Finished;272;individuals
130;PRC;Relief;Ready-to-Eat;Biscuits;215;21506;Poblacion South;Finished;72;individuals
131;PRC;Relief;Ready-to-Eat;Biscuits;215;21506;San Roque;Finished;210;individuals
132;PRC;Relief;Ready-to-Eat;Biscuits;215;21506;San Roque;Finished;117;individuals
133;PRC;Relief;Ready-to-Eat;Biscuits;215;21506;Poblacion;Finished;117;individuals
134;PRC;Relief;Ready-to-Eat;Biscuits;215;21506;Poblacion;Finished;117;individuals
135;PRC;Relief;Ready-to-Eat;Biscuits;215;21506;San Isidro;Finished;117;individuals
136;PRC;Relief;Ready-to-Eat;Bread;215;21506;Sta Lucia East;Finished;229;individuals
137;PRC;Relief;Ready-to-Eat;Bread;215;21506;Sta. Lucia West;Finished;678;individuals
138;PRC;Relief;Ready-to-Eat;Bread;215;21506;Banaoang East;Finished;90;individuals
139;PRC;Relief;Ready-to-Eat;Bread;215;21506;Banaoang West;Finished;126;individuals
140;PRC;Relief;Ready-to-Eat;Bread;215;21506;Salumague;Finished;847;individuals
141;PRC;Relief;Ready-to-Eat;Bread;215;21506;Baquero Norte;Finished;90;individuals
142;PRC;Relief;Ready-to-Eat;Bread;215;21506;Baquero Sur;Finished;184;individuals
143;PRC;Relief;Ready-to-Eat;Bread;215;21506;Alupid;Finished;272;individuals
144;PRC;Relief;Ready-to-Eat;Bread;215;21506;Poblacion South;Finished;72;individuals
145;PRC;Relief;Ready-to-Eat;Bread;215;21506;San Roque;Finished;210;individuals
146;PRC;Relief;Ready-to-Eat;Bread;215;21506;San Roque;Finished;117;individuals
147;PRC;Relief;Ready-to-Eat;Bread;215;21506;Poblacion;Finished;120;individuals
148;PRC;Relief;Ready-to-Eat;Bread;215;21506;Poblacion;Finished;29;individuals
149;PRC;Relief;Ready-to-Eat;Bread;215;21506;San Isidro;Finished;519;individuals
150;PRC;Relief;Ready-to-Eat;Biscuits;215;21506;Longos;Finished;225;individuals
151;PRC;Relief;Ready-to-Eat;Biscuits;215;21506;Canaynayan;Finished;83;individuals
152;PRC;Relief;Ready-to-Eat;Biscuits;215;21506;Poblacion South;Finished;30;individuals
153;PRC;Relief;Ready-to-Eat;Hot Meals;215;21506;Binabalian;Finished;287;individuals
154;PRC;Relief;Ready-to-Eat;Biscuits;215;21506;Garreta;Finished;60;individuals
155;PRC;Relief;Ready-to-Eat;Biscuits;215;21506;Garreta;Finished;47;individuals
156;PRC;Relief;Ready-to-Eat;Biscuits;215;21506;Libaba;Finished;41;individuals
157;PRC;Relief;Ready-to-Eat;Biscuits;215;21506;San Juan;Finished;20;individuals
158;PRC;Relief;Ready-to-Eat;Biscuits;215;21506;East Poblacion;Finished;4;individuals
159;PRC;Relief;Ready-to-Eat;Biscuits;215;21506;Parel;Finished;29;individuals
160;PRC;Relief;Ready-to-Eat;Hot Meals;215;21506;Balabay;Finished;158;individuals
161;PRC;Relief;Ready-to-Eat;Hot Meals;215;21506;;Finished;500;individuals
162;PRC;Health ;Health;Blood Pressure;215;21506;;Finished;30;individuals
163;PRC;Relief;Ready-to-Eat;Hot Meals;215;21506;San Jose;Finished;500;individuals
164;PRC;Relief;Ready-to-Eat;Hot Meals;215;21506;Burgos;Finished;311;individuals
165;PRC;Relief;Ready-to-Eat;Hot Meals;215;21506;Manggahan;Finished;222;individuals
166;PRC;Relief;Non-Food Items;Sleeping Kit (Blankets);215;21506;San Andres;Finished;13;families
167;PRC;WASH;Non-Food Items;Hygiene Kit (assorted);215;21506;San Andres;Finished;13;families
168;PRC;Relief;Ready-to-Eat;Hot Meals;215;21506;Poblacion;Finished;528;individuals
169;PRC;Health ;PSS;PSP;215;21506;Poblacion;Finished;528;individuals
170;PRC;Relief;Non-Food Items;Sleeping Kit (Plastic Mats);215;21506;Camp 4-6;Finished;168;families
171;PRC;Relief;Non-Food Items;Sleeping Kit (Blankets);215;21506;Camp 4-6;Finished;168;families
172;PRC;Relief;Non-Food Items;Towels;215;21506;Sto Tomas;Finished;25;families
173;PRC;Relief;Non-Food Items;Towels;215;21506;Loakan;Finished;4;families
174;PRC;Relief;Non-Food Items;Towels;215;21506;City Camp;Finished;51;families
175;PRC;Relief;Non-Food Items;Towels;215;21506;Loakan;Finished;8;families
176;PRC;Health ;PSS;PSP;215;21506;Sto. Tomas;Finished;11;individuals
177;PRC;Relief;Ready-to-Eat;Hot Meals;1411;141102;Roxas;Finished;57;individuals
178;PRC;Relief;Ready-to-Eat;Hot Meals;1411;141102;;Finished;132;individuals
179;PRC;Relief;Ready-to-Eat;Hot Meals;1411;141102;Loakan;Finished;24;individuals
180;PRC;Relief;Ready-to-Eat;Hot Meals;1411;141102;Loakan;Finished;57;individuals
181;PRC;WASH;Non-Food Items;Jerry Cans;1411;141102;Camp 4-6;Finished;168;families
182;PRC;Relief;Non-Food Items;Sleeping Kit (Plastic Mats);1411;141102;Ambassador;Finished;55;families
183;PRC;Relief;Non-Food Items;Sleeping Kit (Blankets);1411;141102;Ambassador;Finished;55;families
184;PRC;Relief;Non-Food Items;Sleeping Kit (Plastic Mats);1411;141102;Tuplac;Finished;5;families
185;PRC;Relief;Non-Food Items;Sleeping Kit (Blankets);1411;141102;Tuplac;Finished;15;families
186;PRC;Relief;Ready-to-Eat;Hot Meals;1411;141102;Coaoacan;Finished;84;individuals
187;PRC;Health ;PSS;PSP;1411;141102;Coaoacan;Finished;84;individuals
188;PRC;Assessment;Assessment;RDANA;1411;141102;;Finished;1;area
189;PRC;Assessment;Assessment;RDANA;1411;141102;;Finished;1;area
190;PRC;Assessment;Assessment;RDANA;1411;141102;;Finished;1;area
191;PRC;Assessment;Assessment;RDANA;1411;141102;;Finished;1;area
192;PRC;Assessment;Assessment;RDANA;1411;141102;;Finished;1;area
193;PRC;Assessment;Assessment;RDANA;1411;141102;;Finished;1;area
194;PRC;Assessment;Assessment;RDANA;1411;141102;;Finished;1;area
195;PRC;Assessment;Assessment;RDANA;1411;141102;;Finished;1;area
196;PRC;Assessment;Assessment;RDANA;1411;141102;;Finished;1;area
197;PRC;Assessment;Assessment;RDANA;1411;141102;;Finished;1;area
198;PRC;Relief;Ready-to-Eat;Hot Meals;1411;141102;Balzain East;Finished;132;individuals
199;PRC;Health ;PSS;PSP;1411;141102;Balzain East;Finished;393;individuals
200;PRC;Health ;Referral;Health Referral;1411;141102;Balzain East;Finished;5;individuals
201;PRC;Relief;Ready-to-Eat;Biscuits;1411;141102;Balzain East;Finished;132;individuals
202;PRC;Health ;Referral;Welfare Referral;1411;141102;Balzain East;Finished;15;individuals
203;PRC;Assessment;Assessment;RDANA;1411;141102;;Finished;1;area
204;PRC;Assessment;Assessment;RDANA;1411;141102;;Finished;1;area
205;PRC;Assessment;Assessment;RDANA;133;13304;;Finished;1;area
206;PRC;Health ;PSS;PSP;133;13305;Centro;Finished;750;individuals
207;PRC;Health ;Referral;Welfare Referral;1432;143201;Sta. Margarita;Finished;15;individuals
208;PRC;Health ;Referral;Welfare Referral;1432;143201;Tupanna;Finished;15;individuals
209;PRC;Health ;Referral;Welfare Referral;1432;143201;Nagtupacan;Finished;10;individuals
210;PRC;Health ;Referral;Welfare Referral;1432;143201;Sta. Margarita;Finished;15;individuals
211;PRC;Health ;Referral;Welfare Referral;1432;143201;Awallan;Finished;15;individuals
212;PRC;Assessment;Assessment;RDANA;1432;143201;;Finished;1;area
213;PRC;Assessment;Assessment;RDANA;1432;143201;;Finished;1;area
214;PRC;Health ;PSS;PSP;1432;143201;Poblacion;Finished;44;individuals
215;PRC;Health ;PSS;PSP;1427;142701;Sapang Bayan;Finished;63;individuals
216;PRC;Health ;PSS;PSP;133;13306;Meysulao;Finished;49;individuals
217;PRC;Health ;PSS;PSP;410;41005;San Miguel;Finished;75;individuals
218;PRC;WASH;Hygiene Promotion;Hygiene Promotion;410;41005;Poblacion;Finished;44;individuals
219;PRC;WASH;Hygiene Promotion;Hygiene Promotion;133;13307;Sapang Bayan;Finished;63;individuals
220;PRC;WASH;Hygiene Promotion;Hygiene Promotion;250;25005;Meysulao;Finished;49;individuals
221;PRC;WASH;Hygiene Promotion;Hygiene Promotion;1444;144403;San Miguel;Finished;75;individuals
222;PRC;Relief;Ready-to-Eat;Hot Meals;371;37101;Poblacion;Finished;127;individuals
223;PRC;Relief;Ready-to-Eat;Hot Meals;1401;140103;Sapang Bayan;Finished;197;individuals
224;PRC;Relief;Ready-to-Eat;Hot Meals;215;21508;Meysulao;Finished;129;individuals
225;PRC;Relief;Ready-to-Eat;Hot Meals;1411;141105;San Miguel;Finished;159;individuals
226;PRC;Assessment;Assessment;RDANA;133;13309;;Finished;1;area
227;PRC;Assessment;Assessment;RDANA;133;13309;;Finished;1;area
228;PRC;Assessment;Assessment;RDANA;133;13309;;Finished;1;area
229;PRC;Assessment;Assessment;RDANA;133;13309;;Finished;1;area
230;PRC;Relief;Non-Food Items;Non Food Items (Assorted);231;23106;Tuding;Finished;282;families
231;PRC;Assessment;Assessment;RDANA;231;23106;;Finished;1;area
232;PRC;Assessment;Assessment;RDANA;231;23106;;Finished;1;area
233;PRC;Assessment;Assessment;RDANA;129;12905;;Finished;1;area
234;PRC;Assessment;Assessment;RDANA;458;45805;;Finished;1;area
235;PRC;Assessment;Assessment;RDANA;458;45805;;Finished;1;area
236;PRC;Assessment;Assessment;RDANA;1481;148101;;Finished;1;area
237;PRC;Assessment;Assessment;RDANA;1481;148101;;Finished;1;area
238;PRC;Assessment;Assessment;RDANA;1375;137501;;Finished;1;area
239;PRC;Assessment;Assessment;RDANA;314;31407;;Finished;1;area
240;Spanish Red Cross - AECID;WASH;Water;Water;314;31407;Centro East and Centro West;Finished;12,000;liters
241;Spanish Red Cross - AECID;WASH;Water;Water;314;31407;Tuding;Finished;10,000;liters
242;PRC;Assessment;Assessment;RDANA;314;31407;;Finished;1;area
243;PRC;Assessment;Assessment;RDANA;314;31407;;Finished;1;area
244;PRC;Assessment;Assessment;RDANA;314;31407;;Finished;1;area
245;PRC;Assessment;Assessment;RDANA;314;31407;;Finished;1;area
246;PRC;Assessment;Assessment;RDANA;314;31407;;Finished;1;area
247;PRC;Assessment;Assessment;RDANA;314;31407;;Finished;1;area
248;PRC;Assessment;Assessment;RDANA;314;31407;;Finished;1;area
249;PRC;Assessment;Assessment;RDANA;314;31407;;Finished;1;area
250;PRC;Assessment;Assessment;RDANA;314;31407;;Finished;1;area
251;PRC;Relief;Ready-to-Eat;Hot Meals;215;21510;Linao East;Finished;280;individuals
252;PRC;Health ;PSS;PSP;369;36903;Linao East;Finished;560;individuals
253;PRC;Assessment;Assessment;RDANA;369;36903;;Finished;1;area
254;PRC;Assessment;Assessment;RDANA;369;36903;;Finished;1;area
255;Spanish Red Cross - AECID;WASH;Water;Water;369;36903;Centro East and Centro West;Finished;10,000;liters
256;Spanish Red Cross - AECID;WASH;Water;Water;371;37103;Centro Norte;Finished;10,000;liters
257;PRC;Relief;Ready-to-Eat;Biscuits;371;37104;San Antonio;Finished;338;individuals
258;PRC;Relief;Ready-to-Eat;Hot Meals;155;15503;San Antonio;Finished;338;individuals
259;PRC;Relief;Ready-to-Eat;Biscuits;155;15503;San Rafael;Finished;199;individuals
260;PRC;Relief;Ready-to-Eat;Hot Meals;128;12805;San Rafael;Finished;199;individuals
261;PRC;Relief;Ready-to-Eat;Biscuits;129;12906;;Finished;461;individuals
262;PRC;Relief;Ready-to-Eat;Hot Meals;860;86005;;Finished;461;individuals
263;PRC;Relief;Ready-to-Eat;Biscuits;860;86005;Ragan;Finished;212;individuals
264;PRC;Relief;Ready-to-Eat;Hot Meals;860;86005;Ragan;Finished;212;individuals
265;PRC;WASH;Hygiene Promotion;Hygiene Promotion;1374;137402;;Finished;461;individuals
266;PRC;WASH;Hygiene Promotion;Hygiene Promotion;1374;137402;Ragan;Finished;212;individuals
267;PRC;Assessment;Assessment;RDANA;1374;137402;;Finished;1;area
268;PRC;Assessment;Assessment;RDANA;1374;137402;;Finished;1;area
269;PRC;Assessment;Assessment;RDANA;1374;137402;;Finished;1;area
270;PRC;Assessment;Assessment;RDANA;1376;137603;;Finished;1;area
271;PRC;Assessment;Assessment;RDANA;1376;137603;;Finished;1;area
272;PRC;Assessment;Assessment;RDANA;1375;137503;;Finished;1;area
273;PRC;Assessment;Assessment;RDANA;133;13314;;Finished;1;area
274;PRC;Assessment;Assessment;RDANA;133;13314;;Finished;1;area
275;Spanish Red Cross - AECID;WASH;Water;Water;133;13314;Tuding;Finished;4,000;liters
276;PRC;Health ;PSS;PSP;133;13314;Malanday;Finished;300;individuals
277;PRC;Health ;PSS;PSP;133;13314;Concepcion  Uno;Finished;500;individuals
278;PRC;Health ;PSS;PSP;133;13314;Nangka;Finished;509;individuals
279;PRC;Assessment;Assessment;RDANA;133;13314;;Finished;1;area
280;PRC;Assessment;Assessment;RDANA;133;13314;;Finished;1;area
281;PRC;Assessment;Assessment;RDANA;133;13314;;Finished;1;area
282;PRC;Assessment;Assessment;RDANA;133;13314;;Finished;1;area
283;PRC;Assessment;Assessment;RDANA;133;13314;;Finished;1;area
284;PRC;Assessment;Assessment;RDANA;1374;137405;;Finished;1;area
285;PRC;Assessment;Assessment;RDANA;231;23135;;Finished;1;area
286;PRC;Assessment;Assessment;RDANA;1432;143213;;Finished;1;area
287;PRC;Relief;Food Items;Food Items (Standard);1432;143213;;Finished;134;families
288;PRC;Relief;Ready-to-Eat;Hot Meals;1432;143213;;Finished;1640;individuals
289;IFRC;Relief;Non-Food Items;Sleeping Kit (Blankets);215;21511;Santa Margarita;Finished;100;families
290;IFRC;Relief;Non-Food Items;Sleeping Kit (Plastic Mats);1481;148102;Santa Margarita;Finished;100;families
291;IFRC;Relief;Non-Food Items;Sleeping Kit (Mosquito Nets);1481;148102;Santa Margarita;Finished;100;families
292;IFRC;WASH;Non-Food Items;Hygiene Kit;128;12808;Santa Margarita;Finished;100;families
293;IFRC;WASH;Non-Food Items;Jerry Cans;231;23118;Santa Margarita;Finished;100;families
294;IFRC;Relief;Non-Food Items;Tarpaulins;231;23118;Santa Margarita;Finished;100;families
295;PRC;Health ;PSS;PSP;231;23118;Santa Margarita;Finished;491;individuals
296;PRC;Assessment;Assessment;RDANA;231;23118;;Finished;1;area
297;Spanish Red Cross - AECID;WASH;Water;Water;231;23118;Sta. Margarita;Finished;5,000;liters
298;Spanish Red Cross - AECID;WASH;Water;Water;231;23118;Centro Norte;Finished;12,000;liters
299;Spanish Red Cross - AECID;WASH;Water;Water;231;23118;San Vicente;Finished;12,000;liters
300;Spanish Red Cross - AECID;WASH;Water;Water;128;12809;Centro East and Centro West;Finished;5,000;liters
301;PRC;Relief;Ready-to-Eat;Hot Meals;1401;140107;San Pablo;Finished;605;individuals
302;PRC;Relief;Ready-to-Eat;Hot Meals;1481;148103;Simanu Sur;Finished;197;individuals
303;PRC;Health ;PSS;PSP;1481;148103;Casibarag;Finished;605;individuals
304;PRC;SRR;Retrieval;Retrieval and Clearing operations;1481;148103;Ucab;Finished;1;community
305;PRC;Assessment;Assessment;RDANA;1481;148103;;Finished;1;area
306;PRC;Assessment;Assessment;RDANA;1481;148103;;Finished;1;area
307;PRC;Health ;PSS;Welfare Desk;1481;148103;Tuding;Finished;;Evacuation Center
308;PRC;SRR;Retrieval;Retrieval and Clearing operations;1481;148103;Ucab;Finished;1;community
309;Spanish Red Cross - AECID;WASH;Water;Water;1481;148103;Tuding;Finished;10,000;liters
310;PRC;Assessment;Assessment;RDANA;215;21513;;Finished;1;area
311;PRC;Assessment;Assessment;RDANA;215;21513;;Finished;1;area
312;IFRC;Relief;Non-Food Items;Sleeping Kit (Blankets);215;21513;Santa Margarita;Finished;307;families
313;IFRC;Relief;Non-Food Items;Sleeping Kit (Plastic Mats);215;21513;Santa Margarita;Finished;307;families
314;IFRC;Relief;Non-Food Items;Sleeping Kit (Mosquito Nets);215;21513;Santa Margarita;Finished;307;families
315;IFRC;WASH;Non-Food Items;Hygiene Kit;215;21513;Santa Margarita;Finished;307;families
316;IFRC;WASH;Non-Food Items;Jerry Cans;215;21513;Santa Margarita;Finished;307;families
317;IFRC;Relief;Non-Food Items;Tarpaulins;215;21513;Santa Margarita;Finished;307;families
318;IFRC;Relief;Non-Food Items;Sleeping Kit (Blankets);215;21513;Awallan;Finished;362;families
319;IFRC;Relief;Non-Food Items;Sleeping Kit (Plastic Mats);215;21513;Awallan;Finished;362;families
320;IFRC;Relief;Non-Food Items;Sleeping Kit (Mosquito Nets);215;21513;Awallan;Finished;362;families
321;IFRC;WASH;Non-Food Items;Hygiene Kit;215;21513;Awallan;Finished;362;families
322;IFRC;WASH;Non-Food Items;Jerry Cans;215;21513;Awallan;Finished;362;families
323;IFRC;Relief;Non-Food Items;Tarpaulins;215;21513;Awallan;Finished;362;families
324;IFRC;Relief;Non-Food Items;Sleeping Kit (Blankets);215;21513;Nanguilattan;Finished;41;families
325;IFRC;Relief;Non-Food Items;Sleeping Kit (Plastic Mats);215;21513;Nanguilattan;Finished;41;families
326;IFRC;Relief;Non-Food Items;Sleeping Kit (Mosquito Nets);215;21513;Nanguilattan;Finished;41;families
327;IFRC;WASH;Non-Food Items;Hygiene Kit;215;21513;Nanguilattan;Finished;41;families
328;IFRC;WASH;Non-Food Items;Jerry Cans;215;21513;Nanguilattan;Finished;41;families
329;IFRC;Relief;Non-Food Items;Tarpaulins;215;21513;Nanguilattan;Finished;41;families
330;Team A KAM, QC;Relief;Food Items;Food Items (Assorted);215;21513;Tupanna;Finished;198;families
331;Team A KAM, QC;Relief;Food Items;Food Items (Assorted);215;21513;Nagtupacan;Finished;234;families
332;PRC;Health ;PSS;PSP;215;21513;Awallan;Finished;362;individuals
333;Spanish Red Cross - AECID;WASH;Water;Water;215;21513;Villa;Finished;2,000;liters
334;Spanish Red Cross - AECID;WASH;Water;Water;215;21513;Mission;Finished;4,000;liters
335;Spanish Red Cross - AECID;WASH;Water;Water;215;21514;Centro;Finished;3,000;liters
336;PRC;WASH;Sanitation;Clearing operations;215;21514;San Gabriel;Finished;1;community
337;PRC;WASH;Sanitation;Clearing operations;215;21514;Cataggaman;Finished;1;community
338;PRC;WASH;Sanitation;Clearing operations;215;21514;Carig;Finished;1;community
339;PRC;WASH;Sanitation;Clearing operations;215;21514;Centro 04 Del Rosario;Finished;1;community
340;PRC;Health ;PSS;PSP;215;21514;Tupana;Finished;198;individuals
341;PRC;Health ;PSS;PSP;215;21514;Nagtupacan;Finished;234;individuals
342;PRC;Health ;PSS;PSP;215;21514;Santa Margarita;Finished;398;individuals
343;PRC;Health ;RFL;RFL (I am Alive);215;21514;Sta. Margarita;Finished;50;individuals
344;PRC;Health ;PSS;Welfare Desk;215;21514;;Finished;;
345;PRC;SRR;Retrieval;Retrieval and Clearing operations;215;21514;Loakan;Finished;1;community
346;Spanish Red Cross - AECID;WASH;Water;Water;215;21514;Pinesville;FInished;1000;individuals
347;PRC;Assessment;Assessment;RDANA;215;21514;;Finished;1;area
348;PRC;Health ;PSS;Welfare Desk;215;21514;Ucab;Finished;;
349;PRC;Health ;PSS;Welfare Desk;215;21515;Ucab;Finished;;Evacuation Center
350;PRC;Health ;PSS;Welfare Desk;215;21515;Tuding;Finished;;Evacuation Center
351;PRC;Health ;PSS;PSP;215;21515;Tuding;Finished;269;individuals
352;PRC;Health ;PSS;PSP;215;21515;Tuding;Finished;302;individuals
353;PRC;Health ;PSS;PSP;215;21515;Ucab;Finished;64;individuals
354;PRC;Assessment;Assessment;RDANA;215;21515;;Finished;1;area
355;Spanish Red Cross - AECID;WASH;Water;Water;215;21515;Tuding;Finished;6,800;liters
356;PRC;Health ;PSS;Welfare Desk;215;21515;;Finished;;
357;PRC;Health ;PSS;Welfare Desk;215;21515;;Finished;;
358;PRC;Health ;PSS;Welfare Desk;215;21515;;Finished;;
359;PRC;Relief;Ready-to-Eat;Hot Meals;215;21515;Laya West;Finished;117;individuals
360;PRC;Relief;Ready-to-Eat;Hot Meals;231;23114;Cabaruan;Finished;228;individuals
361;PRC;Assessment;Assessment;RDANA;231;23114;;Finished;1;area
362;PRC;Assessment;Assessment;RDANA;231;23114;;Finished;1;area
363;PRC;Health ;PSS;Welfare Desk;231;23114;;Finished;;
364;PRC;Health ;PSS;Welfare Desk;231;23114;;Finished;;
365;PRC;Health ;PSS;Welfare Desk;231;23114;;Finished;;
366;PRC;Assessment;Assessment;RDANA;231;23114;;Finished;1;area
367;PRC;Assessment;Assessment;RDANA;231;23114;;Finished;1;area
368;PRC;Assessment;Assessment;RDANA;231;23114;;Finished;1;area
369;PRC;Assessment;Assessment;RDANA;1411;141106;;Finished;1;area
370;Spanish Red Cross - AECID;WASH;Water;Water;1411;141106;Centro East and Centro West;Finished;5,000;liters
371;Spanish Red Cross - AECID;WASH;Water;Water;1411;141106;Centro Norte;Finished;7,000;liters
372;PRC;WASH;Sanitation;Clearing operations;1411;141106;Caritan;Finished;1;community
373;PRC;WASH;Sanitation;Clearing operations;1411;141106;Tagga;Finished;1;community
374;Spanish Red Cross - AECID;WASH;Water;Water;1411;141106;San Vicente;Finished;7,000;liters
375;PRC;Health ;PSS;Welfare Desk;1411;141106;;Finished;;
376;PRC;Health ;PSS;Welfare Desk;1411;141106;;Finished;;
377;PRC;Health ;PSS;Welfare Desk;1411;141106;;Finished;;
378;PRC;Relief;Ready-to-Eat;Hot Meals;1411;141106;;Finished;289;individuals
379;PRC;Health ;PSS;Welfare Desk;1411;141106;;Finished;;
380;PRC;Health ;PSS;Welfare Desk;1411;141106;;Finished;;
381;Spanish Red Cross - AECID;WASH;Water;Water;1411;141106;Sto. Rosario;Finished;1133;individuals
382;Spanish Red Cross - AECID;WASH;Water;Water;1411;141106;Tuding;Finished;460;liters
383;Spanish Red Cross - AECID;WASH;Water;Water;1411;141106;Ucab;Finished;1280;liters
384;Spanish Red Cross - AECID;WASH;Hygiene Promotion;Hygiene Promotion;1411;141106;Poblacion;Finished;432;individuals
385;PRC;Relief;Ready-to-Eat;Hot Meals;1411;141106;Socbot;Finished;148;individuals
386;PRC;Assessment;Assessment;RDANA;1411;141106;;Finished;1;area
387;Spanish Red Cross - AECID;WASH;Water;Water Bladder 5,000;1411;141106;;Finished;1;units
388;PRC;Assessment;Assessment;RDANA;1411;141106;;Finished;1;area
389;PRC;Assessment;Assessment;RDANA;1411;141106;;Finished;1;area
390;Spanish Red Cross - AECID;WASH;Water;Water;1411;141106;Centro Norte;Finished;5,000;liters
391;Spanish Red Cross - AECID;WASH;Water;Water;1411;141106;San Jose;Finished;5,000;liters
392;PRC;WASH;Sanitation;Clearing operations;1411;141106;Anaffatan;Finished;1;community
393;PRC;WASH;Sanitation;Clearing operations;1411;141106;Cataggaman nuevo;Finished;1;community
394;Spanish Red Cross - AECID;WASH;Water;Water;1411;141106;San Vicente;Finished;5,000;liters
395;PRC;WASH;Sanitation;Clearing operations;1411;141106;Daclan;Finished;1;community
396;PRC;Health ;PSS;PSP;1411;141106;Poblacion;Finished;8;Individuals
397;PRC;Health ;PSS;Welfare Desk;1411;141106;San Vicente;Finished;;Evacuation Center
398;PRC;Health ;PSS;Welfare Desk;1411;141106;Bitag Grande;Finished;;Evacuation Center
399;PRC;Relief;Ready-to-Eat;Hot Meals;1411;141106;San Vicente;Finished;588;individuals
400;PRC;Relief;Ready-to-Eat;Hot Meals;1411;141106;Bitag Grande;Finished;678;individuals
401;PRC;Health ;PSS;PSP;1411;141106;San Vicente;Finished;1196;individuals
402;PRC;Health ;PSS;PSP;1411;141106;Bitag Grande;Finished;1376;individuals
403;Spanish Red Cross - AECID;WASH;Water;Water;1411;141106;Centro Norte;Finished;5,000;liters
404;Spanish Red Cross - AECID;WASH;Water;Water;1411;141106;San Vicente;Finished;4,000;liters
405;Spanish Red Cross - AECID;WASH;Water;Water;1411;141106;San Jose;Finished;5,000;liters
406;Spanish Red Cross - AECID;WASH;Water;Water;1411;141106;Bitag Grande;Finished;1,000;liters
407;PRC;Health ;Health;First Aid;1411;141106;Bitag Grande;Finished;1;individuals
408;IFRC;Relief;Non-Food Items;Sleeping Kit (Blankets);1411;141106;San Vicente;Finished;355;families
409;IFRC;Relief;Non-Food Items;Sleeping Kit (Plastic Mats);1411;141106;San Vicente;Finished;355;families
410;IFRC;Relief;Non-Food Items;Sleeping Kit (Mosquito Nets);1411;141106;San Vicente;Finished;355;families
411;IFRC;WASH;Non-Food Items;Hygiene Kit;1411;141106;San Vicente;Finished;355;families
412;IFRC;WASH;Non-Food Items;Jerry Cans;1411;141106;San Vicente;Finished;355;families
413;IFRC;Relief;Non-Food Items;Tarpaulins;1411;141106;San Vicente;Finished;355;families
414;Qatar Red Crescent Society;Shelter;Shelter Repair Assistance;Shelter Tool Kits;1411;141106;Bitag Grande;Finished;33;families
415;IFRC;Shelter;Shelter Repair Assistance;CGI;1411;141106;Bitag Grande;Finished;33;families
416;Spanish Red Cross - AECID;WASH;Hygiene Promotion;Hygiene Promotion;1411;141106;Lucnab;Finished;37;individuals
417;Spanish Red Cross - AECID;WASH;Hygiene Promotion;Hygiene Promotion;1411;141106;Camp 7;Finished;53;individuals
418;PRC;SRR;Retrieval;Retrieval and Clearing operations;1411;141107;Midas;Finished;1;community
419;PRC;Health ;PSS;PSP;1411;141107;Ucab;Finished;5;individuals
420;PRC;Health ;PSS;PSP;1411;141107;Tuding;Finished;8;individuals
421;PRC;Health ;PSS;PSP;1411;141107;Tuding;Finished;7;individuals
422;Spanish Red Cross - AECID;WASH;Water;Water;1411;141107;Ucab;Finished;6375;liters
423;Spanish Red Cross - AECID;WASH;Water;Water;1411;141107;Tuding;Finished;6375;liters
424;Spanish Red Cross - AECID;WASH;Hygiene Promotion;Hygiene Promotion;1411;141107;Ucab;Finished;22;individuals
425;Spanish Red Cross - AECID;WASH;Hygiene Promotion;Hygiene Promotion;1411;141107;Tuding;Finished;28;individuals
426;PRC;Relief;Food Items;Food Items (Standard);1411;141107;Santiago Norte;Finished;137;families
427;PRC;Relief;Food Items;Food Items (Standard);1411;141107;Wenceslao;Finished;102;families
428;Spanish Red Cross - AECID;WASH;Water;Water;1411;141107;Centro norte;Finished;1,000;liters
429;PRC;WASH;Sanitation;Clearing operations;1411;141107;Amulung West;Finished;1;community
430;PRC;WASH;Sanitation;Clearing operations;1411;141107;Anaffunan;Finished;1;community
431;Qatar Red Crescent Society;Shelter;Shelter Repair Assistance;Shelter Tool Kits;1411;141107;Mocag;Finished;162;families
432;Qatar Red Crescent Society;Shelter;Shelter Repair Assistance;Shelter Tool Kits;1411;141107;Bitag Grande;Finished;220;families
433;IFRC;Shelter;Shelter Repair Assistance;CGI;1411;141107;Mocag;Finished;162;families
434;IFRC;Shelter;Shelter Repair Assistance;CGI;1411;141107;Bitag Grande;Finished;220;families
435;IFRC;Relief;Non-Food Items;Sleeping Kit (Blankets);1411;141107;Poblacion;Finished;186;families
436;IFRC;Relief;Non-Food Items;Sleeping Kit (Plastic Mats);1481;148104;Poblacion;Finished;186;families
437;IFRC;Relief;Non-Food Items;Sleeping Kit (Mosquito Nets);1411;141108;Poblacion;Finished;186;families
438;IFRC;WASH;Non-Food Items;Hygiene Kit;1411;141108;Poblacion;Finished;186;families
439;IFRC;WASH;Non-Food Items;Jerry Cans;1411;141108;Poblacion;Finished;186;families
440;IFRC;Relief;Non-Food Items;Tarpaulins;1411;141108;Poblacion;Finished;186;families
441;PRC;Health ;PSS;PSP;1411;141108;Poblacion;Finished;228;individuals
442;Spanish Red Cross - AECID;WASH;Hygiene Promotion;Hygiene Promotion;1411;141108;Poblacion;Finished;315;individuals
443;Spanish Red Cross - AECID;WASH;Hygiene Promotion;Hygiene Promotion;1411;141108;Camp 7;Finished;109;individuals
444;PRC;Assessment;Assessment;RDANA;1411;141108;;Finished;1;area
445;PRC;Assessment;Assessment;RDANA;1411;141108;;Finished;1;area
446;PRC;WASH;Sanitation;Clearing operations;1411;141108;Nagalasuan;Finished;1;community
447;PRC;WASH;Sanitation;Clearing operations;1411;141108;;Finished;1;community
448;Qatar Red Crescent Society;Relief;Non-Food Items;Sleeping Kit (Blankets);1411;141108;Adaog;Finished;260;families
449;Qatar Red Crescent Society;Relief;Non-Food Items;Sleeping Kit (Plastic Mats);1411;141108;Adaog;Finished;260;families
450;Qatar Red Crescent Society;Relief;Non-Food Items;Sleeping Kit (Mosquito Nets);1411;141108;Adaog;Finished;260;families
451;Qatar Red Crescent Society;WASH;Non-Food Items;Hygiene Kit;1411;141108;Adaog;Finished;260;families
452;Qatar Red Crescent Society;WASH;Non-Food Items;Jerry Cans;1411;141108;Adaog;Finished;260;families
453;Qatar Red Crescent Society;Relief;Non-Food Items;Tarpaulins;1411;141108;Adaog;Finished;260;families
454;PRC;Health ;PSS;Welfare Desk;1427;142703;Adaog;Finished;1;Evacuation Center
455;PRC;WASH;Hygiene Promotion;Hygiene Promotion;1427;142703;Adaog;Finished;210;individuals
456;PRC;Health ;Health;First Aid Station;1411;141109;Adaog;Finished;1;area
457;Spanish Red Cross - AECID;WASH;Water;Water;1411;141110;Asassi;Finished;625;individuals
458;Spanish Red Cross - AECID;WASH;Water;Water;1411;141110;Temblique;Finished;395;individuals
459;PRC;WASH;Sanitation;Clearing operations;1411;141110;Nagalasuan;Finished;1;community
460;PRC;WASH;Sanitation;Clearing operations;1411;141110;;Finished;1;community
461;PRC;WASH;Sanitation;Clearing operations;1401;140110;Caggay;Finished;1;community
462;PRC;Health ;Health;First Aid Station;215;21516;Centro;Finished;1;area
463;PRC;Health ;Health;First Aid Station;1427;142705;Tupanna;Finished;1;area
464;PRC;Health ;Health;First Aid Station;128;12812;San Vicente;Finished;1;area
465;PRC;Health ;Health;First Aid Station;128;12812;Bitag Grande;Finished;1;area
466;Australian DFAT;Relief;Non-Food Items;Sleeping Kit (Blankets);128;12812;;Finished;81;families
467;Australian DFAT;Relief;Non-Food Items;Sleeping Kit (Plastic Mats);369;36907;;Finished;81;families
468;Australian DFAT;Relief;Non-Food Items;Sleeping Kit (Mosquito Nets);369;36907;;Finished;81;families
469;Australian DFAT;WASH;Non-Food Items;Hygiene Kit;369;36907;;Finished;81;families
470;Australian DFAT;WASH;Non-Food Items;Jerry Cans;369;36907;;Finished;81;families
471;Australian DFAT;Relief;Non-Food Items;Tarpaulins;722;72226;;Finished;81;families
472;PRC;Protection;Child Protection;Child Protection Orientation;215;21517;Camp 7;Finished;109;individuals
473;Spanish Red Cross - AECID;WASH;Hygiene Promotion;Hygiene Promotion;215;21517;Brookespoint;Finished;20;individuals
474;Spanish Red Cross - AECID;WASH;Hygiene Promotion;Hygiene Promotion;215;21517;Camp 7;Finished;108;individuals
475;IFRC;Relief;Non-Food Items;Sleeping Kit (Blankets);215;21517;Lomon;Finished;314;families
476;IFRC;Relief;Non-Food Items;Sleeping Kit (Plastic Mats);215;21517;Lomon;Finished;314;families
477;IFRC;Relief;Non-Food Items;Sleeping Kit (Mosquito Nets);308;30806;Lomon;Finished;314;families
478;IFRC;WASH;Non-Food Items;Hygiene Kit;308;30806;Lomon;Finished;314;families
479;IFRC;WASH;Non-Food Items;Jerry Cans;308;30806;Lomon;Finished;314;families
480;IFRC;Relief;Non-Food Items;Tarpaulins;308;30806;Lomon;Finished;314;families
481;PRC;Health ;PSS;PSP;308;30806;Lomon;Finished;116;individuals
482;Spanish Red Cross - AECID;WASH;Hygiene Promotion;Hygiene Promotion;308;30806;Lomon;Finished;412;individuals
483;Spanish Red Cross - AECID;WASH;Water;Water;308;30806;Ucab;Finished;6,375;liters
484;Spanish Red Cross - AECID;WASH;Water;Water;308;30806;Ucab;Finished;6,375;liters
485;PRC;Relief;Food Items;Food Items (Standard);1481;148105;Nagsabaran;Finished;1;families
486;Spanish Red Cross - AECID;WASH;Water;Water;1481;148105;San Jose;Finished;5,000;liters
487;Spanish Red Cross - AECID;WASH;Water;Water;1481;148105;Bitag Grande;Finished;5,475;liters
488;PRC;Health ;Health;First Aid Station;1481;148105;Malalatan;Finished;1;area
489;PRC;WASH;Sanitation;Clearing operations;1481;148105;;Finished;1;community
490;PRC;WASH;Sanitation;Clearing operations;1481;148105;;Finished;1;community
491;PRC;WASH;Sanitation;Clearing operations;1481;148105;Cordova;Finished;1;community
492;Australian DFAT;Relief;Non-Food Items;Sleeping Kit (Blankets);1481;148105;;Finished;203;families
493;Australian DFAT;Relief;Non-Food Items;Sleeping Kit (Plastic Mats);1481;148105;;Finished;203;families
494;Australian DFAT;Relief;Non-Food Items;Sleeping Kit (Mosquito Nets);1481;148105;;Finished;203;families
495;Australian DFAT;WASH;Non-Food Items;Hygiene Kit;1481;148105;;Finished;203;families
496;Australian DFAT;WASH;Non-Food Items;Jerry Cans;1481;148105;;Finished;203;families
497;Australian DFAT;Relief;Non-Food Items;Tarpaulins;1481;148105;;Finished;203;families
498;Australian DFAT;Relief;Non-Food Items;Sleeping Kit (Blankets);1481;148105;Poblacion East;Finished;133;families
499;Australian DFAT;Relief;Non-Food Items;Sleeping Kit (Plastic Mats);1481;148105;Poblacion East;Finished;133;families
500;Australian DFAT;Relief;Non-Food Items;Sleeping Kit (Mosquito Nets);133;13310;Poblacion East;Finished;133;families
501;Australian DFAT;WASH;Non-Food Items;Hygiene Kit;133;13310;Poblacion East;Finished;133;families
502;Australian DFAT;WASH;Non-Food Items;Jerry Cans;133;13310;Poblacion East;Finished;133;families
503;Australian DFAT;Relief;Non-Food Items;Tarpaulins;133;13310;Poblacion East;Finished;133;families
504;PRC;Health ;PSS;PSP;133;13310;Ucab;Finished;16;individuals
505;PRC;Health ;PSS;PSP;129;12912;Brgy Upper Quezon Hill;Finished;2;individuals
506;Spanish Red Cross - AECID;WASH;Hygiene Promotion;Hygiene Promotion;129;12912;Sto. Rosario;Finished;119;individuals
507;Spanish Red Cross - AECID;WASH;Hygiene Promotion;Hygiene Promotion;129;12912;GEFA;Finished;30;individuals
508;PRC;WASH;Hygiene Promotion;Hygiene Promotion;128;12813;;Finished;279;individuals
509;Spanish Red Cross - AECID;WASH;Water;Water;369;36909;Asassi;Finished;24;families
510;Spanish Red Cross - AECID;WASH;Water;Water;369;36909;Asassi;Finished;45;families
511;Spanish Red Cross - AECID;WASH;Water;Water;369;36909;Asassi;Finished;31;families
512;Spanish Red Cross - AECID;WASH;Water;Water;369;36909;Bitag Grande;Finished;43;families
513;PRC;Relief;Food Items;Food Items (Standard);369;36909;Malalatan;Finished;313;families
514;PRC;Health ;PSS;PSP;369;36909;Ucab;Finished;81;individuals
515;Spanish Red Cross - AECID;WASH;Hygiene Promotion;Hygiene Promotion;369;36909;Tuding;Finished;346;individuals
516;PRC;Health ;PSS;PSP;369;36909;Tuding;Finished;60;individuals
517;Spanish Red Cross - AECID;WASH;Hygiene Promotion;Hygiene Promotion;369;36909;Middle Quirino Hill Day Care Center;Finished;19;individuals
518;PRC;Health ;Health;First Aid Station;369;36909;Baculud;Finished;1;area
519;Spanish Red Cross - AECID;WASH;Hygiene Promotion;Hygiene Promotion;369;36909;Wangal;Finished;40;individuals
520;Spanish Red Cross - AECID;WASH;Hygiene Promotion;Hygiene Promotion;369;36909;;Finished;51;individuals
521;PRC;Health ;PSS;PSP;369;36909;Ucab;Finished;44;individuals
522;Spanish Red Cross - AECID;WASH;Hygiene Promotion;Hygiene Promotion;369;36909;Lower Rock Quarry;Finished;74;individuals
523;Qatar Red Crescent Society;Shelter;Shelter Repair Assistance;Shelter Tool Kits;369;36909;Centro;Finished;69;families
524;IFRC;Shelter;Shelter Repair Assistance;CGI;369;36909;Centro;Finished;69;families
525;PRC;Relief;Ready-to-Eat;Biscuits;369;36909;centro;Finished;105;individuals
526;PRC;Health ;PSS;PSP;369;36909;centro;Finished;42;individuals
527;Spanish Red Cross - AECID;WASH;Water;Water;369;36909;Brgy Temblique;Finished;1,400;liters
528;Spanish Red Cross - AECID;WASH;Water;Water;369;36909;Brgy Temblique;Finished;2,475;liters
529;Spanish Red Cross - AECID;WASH;Water;Water;369;36909;Brgy Assasi;Finished;625;liters
530;Spanish Red Cross - AECID;WASH;Water;Water;129;12914;Brgy Assasi;Finished;3,200;liters
531;PRC;WASH;Hygiene Promotion;Hygiene Promotion;1444;144405;Centro;finished;42;individuals
532;PRC;Health ;Health;First Aid Station;1444;144405;San Vicente;finished;1;area
533;Spanish Red Cross - AECID;WASH;Water;Water;1444;144405;San Jose;finished;3,300;liters
534;PRC;Health ;PSS;PSP;1444;144405;Ucab;finished;122;individuals
535;ICRC;Shelter;Shelter Tool Kits;Shelter Tool Kits;128;12814;Baculud;Finished;303;families
536;ICRC;Shelter;Shelter Tool Kits;Tarpaulins;517;51725;Baculud;Finished;303;families
537;PRC;Health ;PSS;Welfare Desk;517;51725;Baculud;Finished;1;Evacuation Center
538;Spanish Red Cross - AECID;WASH;Water;Water;371;37108;Cordova;Finished;5,000;liters
539;PRC;WASH;Hygiene Promotion;Hygiene Promotion;371;37108;Centro;Finished;303;individuals
540;PRC;Health ;Health;First Aid Station;371;37108;Baculud;Finished;1;area
541;PRC;Health ;PSS;PSP;371;37108;Ucab;Finished;49;individuals
542;Spanish Red Cross - AECID;WASH;Water;Water;371;37108;Assasi;Finished;150;liters
543;Spanish Red Cross - AECID;WASH;Water;Water;215;21518;Assasi;Finished;600;liters
544;Spanish Red Cross - AECID;WASH;Water;Water;215;21518;Assasi;Finished;150;liters
545;Spanish Red Cross - AECID;WASH;Water;Water;215;21518;Assasi;Finished;75;liters
546;Spanish Red Cross - AECID;WASH;Water;Water;215;21518;Assasi;Finished;2,025;liters
547;Spanish Red Cross - AECID;WASH;Water;Water;215;21518;Assasi;Finished;4,125;liters
548;Spanish Red Cross - AECID;WASH;Water;Water;215;21518;Temblique;Finished;150;liters
549;Spanish Red Cross - AECID;WASH;Water;Water;215;21518;Temblique;Finished;575;liters
550;Spanish Red Cross - AECID;WASH;Water;Water;215;21518;Temblique;Finished;350;liters
551;Spanish Red Cross - AECID;WASH;Water;Water;369;36910;Bitag Grande;Finished;2,625;liters
552;PRC;WASH;Hygiene Promotion;Hygiene Promotion;369;36910;San Vicente;Finished;303;individuals
553;PRC;Health ;Health;First Aid Station;369;36910;Centro;Finished;1;area
554;PRC;Health ;Health;First Aid Station;369;36910;San Vicente;Finished;1;area
555;ICRC;Shelter;Shelter Tool Kits;Shelter Tool Kits;369;36910;San Vicente;Finished;303;families
556;ICRC;Shelter;Shelter Tool Kits;Tarpaulins;369;36910;San Vicente;Finished;303;families
557;Qatar Red Crescent Society;Shelter;Shelter Repair Assistance;Shelter Tool Kits;369;36910;Centro;Finished;83;families
558;IFRC;Shelter;Shelter Repair Assistance;CGI;369;36910;Centro;Finished;83;families
559;PRC;Health ;PSS;PSP;128;12816;Ucab;Finished;350;individuals
560;PRC Benguet Chapter BOD;Relief;Non-Food Items;Burner Stove with LPG tank;1444;144406;Poblacion;finished;6;families
561;PRC Benguet Chapter BOD;Relief;Non-Food Items;Kitchen Set (Assorted);1444;144406;Poblacion;Finished;15;families
562;Spanish Red Cross - AECID;WASH;Water;Water;128;12817;Bitag Grande;Finished;1,325;liters
563;Spanish Red Cross - AECID;WASH;Water;Water;1432;143208;Bitag Grande;Finished;1,975;liters
564;Spanish Red Cross - AECID;WASH;Water;Water;1432;143208;Bitag Grande;Finished;2,525;liters
565;Spanish Red Cross - AECID;WASH;Water;Water;1432;143208;Bitag Grande;Finished;900;liters
566;Spanish Red Cross - AECID;WASH;Water;Water;1432;143208;Bitag Grande;Finished;2,175;liters
567;Spanish Red Cross - AECID;WASH;Water;Water;1432;143208;San Jose;Finished;2,100;liters
568;ICRC;Shelter;Shelter Tool Kits;Tarpaulins;1432;143208;Alituntung;Finished;116;families
569;ICRC;Shelter;Shelter Tool Kits;Shelter Tool Kits;1432;143208;Alituntung;Finished;116;families
570;PRC;Health ;PSS;Welfare Desk;215;21519;Alituntung;Finished;;
571;PRC;Relief;Ready-to-Eat;Biscuits;215;21519;Alituntung;Finished;45;individuals
572;PRC;Health ;PSS;PSP;215;21519;Alituntung;Finished;34;individuals
573;ICRC;Shelter;Shelter Tool Kits;Tarpaulins;215;21519;Pacac Grande;Finished;230;families
574;ICRC;Shelter;Shelter Tool Kits;Shelter Tool Kits;215;21519;Pacac Grande;Finished;230;families
575;PRC;Health ;PSS;Welfare Desk;215;21519;Pacac Grande;Finished;;
576;PRC;WASH;Hygiene Promotion;Hygiene Promotion;215;21519;Pacac Grande;Finished;52;individuals
577;ICRC;Shelter;Shelter Tool Kits;Tarpaulins;1401;140119;Pacac Pequeno;Finished;221;families
578;ICRC;Shelter;Shelter Tool Kits;Shelter Tool Kits;128;12819;Pacac Pequeno;Finished;221;families
579;PRC;Health ;PSS;Welfare Desk;1432;143209;Pacac Pequeno;Finished;;
580;PRC;Health ;PSS;PSP;1432;143209;Pacac Pequeno;Finished;23;individuals
581;PRC;WASH;Hygiene Promotion;Hygiene Promotion;1339;133913;Pacac Pequeno;Finished;149;individuals
582;Spanish Red Cross - AECID;WASH;Water;Water;1481;148106;Temblique;Finished;525;liters
583;Spanish Red Cross - AECID;WASH;Water;Water;1481;148106;Temblique;Finished;1,225;liters
584;Spanish Red Cross - AECID;WASH;Water;Water;1481;148106;Temblique;Finished;375;liters
585;Spanish Red Cross - AECID;WASH;Water;Water;1481;148106;Assasi;Finished;400;liters
586;Spanish Red Cross - AECID;WASH;Water;Water;1481;148106;Assasi;Finished;1,550;liters
587;Spanish Red Cross - AECID;WASH;Water;Water;1481;148106;Assasi;Finished;1,625;liters
588;Spanish Red Cross - AECID;WASH;Water;Water;1481;148106;Assasi;Finished;1,400;liters
589;Spanish Red Cross - AECID;WASH;Water;Water;1481;148106;Assasi;Finished;3,100;liters
590;PRC;Relief;Food Items;Food Items (Standard);1481;148106;Quirino;Finished;7;families
591;PRC;Relief;Food Items;Food Items (Standard);1481;148106;San IsidroNorte;Finished;3;families
592;PRC;Relief;Food Items;Food Items (Standard);1481;148106;Marag;Finished;15;families
593;PRC;Relief;Food Items;Food Items (Standard);1374;137404;San Jose;Finished;93;families
594;PRC;Relief;Food Items;Food Items (Standard);1374;137404;Barocboc;Finished;52;families
595;PRC;Relief;Food Items;Food Items (Standard);1374;137404;Balasi;Finished;50;families
596;PRC;Relief;Food Items;Food Items (Standard);1374;137404;Elena;Finished;50;families
597;PRC Quirino Chapter;Relief;Food Items;Food Items (Standard);1374;137404;Mawige;Finished;56;families
598;PRC Quirino Chapter;Relief;Food Items;Food Items (Standard);1374;137404;Allamingigan;Finished;92;families
599;ICRC;Shelter;Shelter Tool Kits;Tarpaulins;1374;137404;Silagan;Finished;161;families
600;ICRC;Shelter;Shelter Tool Kits;Shelter Tool Kits;1374;137404;Silagan;Finished;161;families
601;ICRC;Shelter;Shelter Tool Kits;Tarpaulins;1374;137404;Tamboli;Finished;107;families
602;ICRC;Shelter;Shelter Tool Kits;Shelter Tool Kits;1374;137404;Tamboli;Finished;107;families
603;PRC;Health ;Health;First Aid Station;1374;137404;Silagan;Finished;1;area
604;PRC;Health ;Health;First Aid Station;1374;137404;Tamboli;Finished;1;area
605;Spanish Red Cross - AECID;WASH;Water;Water;369;36912;Bitag Grande;Finished;300;liters
606;Spanish Red Cross - AECID;WASH;Water;Water;369;36912;Bitag Grande;Finished;1,100;liters
607;Spanish Red Cross - AECID;WASH;Water;Water;1432;143211;Temblique;Finished;1,000;liters
608;Spanish Red Cross - AECID;WASH;Water;Water;1432;143211;Temblique;Finished;1,900;liters
609;Spanish Red Cross - AECID;WASH;Water;Water;1432;143211;San Jose;Finished;3,000;liters
610;PRC Quirino Chapter;Relief;Food Items;Food Items (Standard);1432;143211;Poblacion;Finished;152;families
611;PRC;WASH;Hygiene Promotion;Hygiene Promotion;1432;143211;Aggunetan;Finished;207;individuals
612;PRC;Health ;Health;First Aid Station;1432;143211;Aggunetan;Finished;1;area
613;ICRC;Shelter;Shelter Tool Kits;Tarpaulins;1432;143211;Aggunetan;Finished;207;families
614;ICRC;Shelter;Shelter Tool Kits;Shelter Tool Kits;458;45808;Aggunetan;Finished;207;families
615;Spanish Red Cross - AECID;WASH;Water;Water;458;45808;Bitag Grande;Finished;1,205;liters
616;Australian DFAT;Relief;Non-Food Items;Sleeping Kit (Blankets);458;45808;;Finished;498;families
617;Australian DFAT;Relief;Non-Food Items;Sleeping Kit (Plastic Mats);1444;144407;;Finished;498;families
618;Australian DFAT;Relief;Non-Food Items;Sleeping Kit (Mosquito Nets);1444;144408;;finished;498;families
619;Australian DFAT;WASH;Non-Food Items;Hygiene Kit;1444;144409;;Finished;498;families
620;Australian DFAT;WASH;Non-Food Items;Jerry Cans;155;15533;;Finished;498;families
621;Australian DFAT;Relief;Non-Food Items;Tarpaulins;133;13315;;Finished;498;families
622;PRC;Relief;Food Items;Food Items (Standard);1401;140121;Bacarri;Finished;27;families
623;PRC;Relief;Food Items;Food Items (Standard);133;13316;Sta. Isabel;Finished;24;families
624;PRC;Relief;Food Items;Food Items (Standard);133;13316;Tonglayan;Finished;5;families
625;Australian DFAT;Relief;Non-Food Items;Sleeping Kit (Blankets);133;13316;;Finished;83;families
626;Australian DFAT;Relief;Non-Food Items;Sleeping Kit (Plastic Mats);133;13316;;Finished;83;families
627;Australian DFAT;Relief;Non-Food Items;Sleeping Kit (Mosquito Nets);133;13316;;Finished;83;families
628;Australian DFAT;WASH;Non-Food Items;Hygiene Kit;231;23133;;Finished;83;families
629;Australian DFAT;WASH;Non-Food Items;Jerry Cans;231;23133;;Finished;83;families
630;Australian DFAT;Relief;Non-Food Items;Tarpaulins;231;23133;;Finished;83;families
631;ICRC;Shelter;Shelter Tool Kits;Tarpaulins;215;21522;Centro;Finished;25;families
632;ICRC;Shelter;Shelter Tool Kits;Shelter Tool Kits;129;12922;Centro;Finished;25;families
633;ICRC;Shelter;Shelter Tool Kits;Tarpaulins;215;21523;Centro;Finished;25;families
634;ICRC;Shelter;Shelter Tool Kits;Shelter Tool Kits;371;37113;Centro;Finished;25;families
635;ICRC;Shelter;Shelter Tool Kits;Tarpaulins;371;37113;San Jose;Finished;50;families
636;ICRC;Shelter;Shelter Tool Kits;Shelter Tool Kits;371;37113;San Jose;Finished;50;families
637;;WASH;Hygiene Promotion;Hygiene Promotion;371;37113;Loakan;Finished;45;individuals
638;;WASH;Hygiene Promotion;Hygiene Promotion;231;23134;Loakan;Finished;29;individuals
639;;WASH;Hygiene Promotion;Hygiene Promotion;231;23134;Loakan;Finished;79;individuals
640;;WASH;Hygiene Promotion;Hygiene Promotion;231;23134;;Finished;62;individuals
641;ICRC;Shelter;Shelter Tool Kits;Tarpaulins;231;23134;Daloig;Finished;569;families
642;ICRC;Shelter;Shelter Tool Kits;Shelter Tool Kits;231;23134;Daloig;Finished;569;families
643;PRC;Health ;PSS;Welfare Desk;215;21524;Daloig;Finished;;
644;IFRC;WASH;Hygiene Promotion;Hygiene Promotion;215;21525;Daloig;Finished;569;individuals
645;PRC;Health ;Health;First Aid Station;215;21525;Daloig;Finished;1;area
646;PRC;Relief;Food Items;Food Items (Standard);215;21525;Elena;Finished;130;families
647;ICRC;Shelter;Shelter Tool Kits;Tarpaulins;215;21525;Calantac;Finished;579;families
648;ICRC;Shelter;Shelter Tool Kits;Shelter Tool Kits;215;21525;Calantac;Finished;579;families
649;PRC;Health ;PSS;Welfare Desk;215;21525;Calantac;Finished;;
650;IFRC;WASH;Hygiene Promotion;Hygiene Promotion;215;21525;Calantac;Finished;579;individuals
651;PRC;Health ;Health;First Aid Station;215;21525;Calantac;Finished;1;area
652;IFRC;WASH;Water;Water;215;21525;San Jose;Finished;5,000;liters
653;IFRC;WASH;Water;Water;215;21525;Bitag Grande;Finished;300;liters
654;IFRC;WASH;Water;Water;215;21525;Bitag Grande;Finished;850;liters
655;IFRC;WASH;Water;Water;215;21525;Bitag Grande;Finished;1,150;liters
656;IFRC;WASH;Water;Water;129;12928;Bitag Grande;Finished;1,200;liters
657;;Health ;PSS;PSP;129;12928;Tadiangan;Finished;87;individuals
658;IFRC;WASH;Water;Water;231;23136;Temblique;Finished;375;liters
659;IFRC;WASH;Water;Water;129;12930;Temblique;Finished;1,075;liters
660;IFRC;WASH;Water;Water;128;12822;Temblique;Finished;1,800;liters
661;IFRC;WASH;Water;Water;231;23134;Temblique;Finished;925;liters
662;IFRC;WASH;Water;Water;231;23134;Assassi;Finished;150;liters
663;IFRC;WASH;Water;Water;1481;148107;Assassi;Finished;325;liters
664;IFRC;WASH;Water;Water;1481;148107;Assassi;Finished;350;liters
665;IFRC;WASH;Water;Water;1481;148107;Assassi;Finished;1,325;liters
666;IFRC;WASH;Water;Water;1481;148107;Assassi;Finished;1,000;liters
667;ICRC;Shelter;Shelter Tool Kits;Tarpaulins;1481;148107;Tanglagan;Finished;293;families
668;ICRC;Shelter;Shelter Tool Kits;Shelter Tool Kits;1481;148107;Tanglagan;Finished;293;families
669;PRC;Health ;PSS;Welfare Desk;1481;148107;Tanglagan;Finished;;
670;PRC;Health ;Health;First Aid Station;1481;148107;Tanglagan;Finished;1;area
671;Australian DFAT;Relief;Non-Food Items;Sleeping Kit (Blankets);231;23136;;Finished;135;families
672;Australian DFAT;Relief;Non-Food Items;Sleeping Kit (Plastic Mats);231;23136;;Finished;135;families
673;Australian DFAT;Relief;Non-Food Items;Sleeping Kit (Mosquito Nets);231;23136;;Finished;135;families
674;Australian DFAT;WASH;Non-Food Items;Hygiene Kit;231;23136;;Finished;135;families
675;Australian DFAT;WASH;Non-Food Items;Jerry Cans;1432;143214;;Finished;135;families
676;Australian DFAT;Relief;Non-Food Items;Tarpaulins;1432;143214;;Finished;135;families
677;PRC;Relief;Food Items;Food Items (Standard);1432;143214;Gawa-an;Finished;197;families
678;Rayomar Outreach Foundation;Relief;Food Items;Food Items (Assorted);1432;143214;Daclan;Finished;300;families
679;Australian DFAT;Relief;Non-Food Items;Sleeping Kit (Blankets);1432;143214;;Finished;204;families
680;Australian DFAT;Relief;Non-Food Items;Sleeping Kit (Plastic Mats);1432;143214;;Finished;204;families
681;Australian DFAT;Relief;Non-Food Items;Sleeping Kit (Mosquito Nets);517;51736;;Finished;204;families
682;Australian DFAT;WASH;Non-Food Items;Hygiene Kit;517;51736;;Finished;204;families
683;Australian DFAT;WASH;Non-Food Items;Jerry Cans;1432;143215;;Finished;204;families
684;Australian DFAT;Relief;Non-Food Items;Tarpaulins;1432;143215;;Finished;204;families
685;Australian DFAT;Relief;Non-Food Items;Sleeping Kit (Blankets);1432;143215;;Finished;45;families
686;Australian DFAT;Relief;Non-Food Items;Sleeping Kit (Plastic Mats);1432;143215;;Finished;45;families
687;Australian DFAT;Relief;Non-Food Items;Sleeping Kit (Mosquito Nets);1432;143215;;Finished;45;families
688;Australian DFAT;WASH;Non-Food Items;Hygiene Kit;1432;143215;;Finished;45;families
689;Australian DFAT;WASH;Non-Food Items;Jerry Cans;1339;133901;;Finished;45;families
690;Australian DFAT;Relief;Non-Food Items;Tarpaulins;1339;133901;;Finished;45;families
691;PRC;WASH;Non-Food Items;Hygiene Kit (assorted);1339;133901;Banguitan;Finished;16;individuals
692;PRC;WASH;Non-Food Items;Hygiene Kit (assorted);1339;133901;Poblacion;Finished;15;individuals
693;Spanish Red Cross - AECID;WASH;Sanitation;Portalets;1411;141113;;Finished;;
694;Spanish Red Cross - AECID;WASH;Sanitation;Portalets;1411;141113;;Finished;;
695;Spanish Red Cross - AECID;WASH;Sanitation;Portalets;1411;141113;Ucab;Finished;;
696;PRC;WASH;Non-Food Items;Hygiene Kit;1411;141113;Ap-Apawan;Finished;22;individuals
697;Spanish Red Cross - AECID;WASH;Hygiene Promotion;Hygiene Promotion;1411;141113;Ap-Apawan;Finished;22;individuals
698;Qatar Red Crescent Society;Relief;Non-Food Items;Sleeping kit (Blankets);1411;141113;Agaman Sur;Finished;234;families
699;Qatar Red Crescent Society;Relief;Non-Food Items;Sleeping Kit (Plastic Mats);1411;141113;Agaman Sur;Finished;234;families
700;Qatar Red Crescent Society;Relief;Non-Food Items;Sleeping Kit (Mosquito Nets);1411;141113;Agaman Sur;Finished;234;families
701;Qatar Red Crescent Society;WASH;Non-Food Items;Hygiene Kit;1411;141113;Agaman Sur;Finished;234;families
702;Qatar Red Crescent Society;WASH;Non-Food Items;Jerry Cans;133;13320;Agaman Sur;Finished;234;families
703;Qatar Red Crescent Society;Relief;Non-Food Items;Tarpaulins;133;13320;Agaman Sur;Finished;234;families
704;IFRC;Relief;Cash;Multi-Purpose Cash Grant (PHP3,500);133;13320;Canyongan;Finished;51;families
705;IFRC;Relief;Cash;Multi-Purpose Cash Grant (PHP3,500);1411;141114;Calanigan Norte;Finished;37;families
706;IFRC;Relief;Cash;Multi-Purpose Cash Grant (PHP3,500);1411;141114;Calanigan Sur;Finished;72;families
707;IFRC;Relief;Cash;Multi-Purpose Cash Grant (PHP3,500);1411;141114;San Vicente;Finished;122;families
708;IFRC;Relief;Cash;Multi-Purpose Cash Grant (PHP3,500);1411;141114;San Antonio;Finished;89;families
709;IFRC;Relief;Cash;Multi-Purpose Cash Grant (PHP3,500);1411;141114;Naganacan;Finished;160;families
710;IFRC;Relief;Cash;Multi-Purpose Cash Grant (PHP3,500);1411;141114;Cudal;Finished;304;families
711;IFRC;Relief;Cash;Multi-Purpose Cash Grant (PHP3,500);215;21529;Laya West;Finished;105;families
712;IFRC;Relief;Cash;Multi-Purpose Cash Grant (PHP3,500);215;21529;malin-awa;Finished;161;families
713;Spanish Red Cross - AECID;WASH;Hygiene Promotion;Hygiene Promotion;215;21529;Nangalisan;Finished;568;individuals
714;Spanish Red Cross - AECID;WASH;Hygiene Promotion;Hygiene Promotion;215;21529;Daclan;Finished;275;individuals
715;Spanish Red Cross - AECID;WASH;Hygiene Promotion;Hygiene Promotion;215;21529;Ambongdulan;Finished;118;individuals
716;IFRC;Health ;PSS;PSP;215;21529;Alapang;Finished;127;individuals
717;IFRC;Health ;PSS;PSP;215;21529;Padcal;Finished;26;individuals
718;IFRC;Health ;PSS;PSP;215;21529;Tadiangan;Finished;75;individuals
719;;Health ;PSS;PSP;215;21529;Tadiangan;Finished;87;individuals
720;Spanish Red Cross - AECID;Relief;Food Items;Food Items (Standard);215;21529;Poblacion;Finished;110;families
721;IFRC;Health ;PSS;PSP;215;21529;Ucab;Finished;49;individuals
722;IFRC;WASH;Sanitation;Payloader;215;21529;Midas;Finished;;
723;IFRC;Health ;PSS;PSP;215;21529;Ucab;Finished;122;individuals
724;IFRC;Health ;PSS;PSP;215;21529;Ucab;Finished;44;individuals
725;IFRC;WASH;Sanitation;Payloader;215;21529;Midas;Finished;;
726;Spanish Red Cross - AECID;WASH;Hygiene Promotion;Hygiene Promotion;215;21529;Ucab;Finished;346;individuals
727;IFRC;Health ;PSS;PSP;215;21529;Ucab;Finished;81;individuals
728;IFRC;Health ;PSS;PSP;215;21529;Ucab;Finished;60;individuals
729;Spanish Red Cross - AECID;WASH;Hygiene Promotion;Hygiene Promotion;215;21529;;Finished;13;volunteers
730;IFRC;WASH;Sanitation;Payloader;215;21529;Midas;Finished;;
731;IFRC;Health ;PSS;PSP;215;21529;Ucab;Finished;30;individuals
732;IFRC;Health ;PSS;PSP;231;23137;Poblacion;Finished;116;individuals
733;Spanish Red Cross - AECID;WASH;Hygiene Promotion;Hygiene Promotion;1401;140127;Poblacion;Finished;412;individuals
734;Spanish Red Cross - AECID;WASH;Hygiene Promotion;Hygiene Promotion;128;12823;Poblacion;Finished;168;individuals
735;IFRC;Health ;PSS;PSP;516;51612;Poblacion;Finished;228;individuals
736;IFRC;Health ;PSS;PSP;516;51612;Ucab;Finished;5;individuals
737;IFRC;Health ;PSS;PSP;1401;;Ucab;Finished;8;individuals
738;IFRC;Health ;PSS;PSP;1411;;Tuding;Finished;7;individuals
739;IFRC;WASH;Hygiene Promotion;Hygiene Promotion;1411;;Ucab;Finished;22;individuals
740;IFRC;WASH;Hygiene Promotion;Hygiene Promotion;1411;;Loacan;Finished;28;individuals
741;IFRC;Health ;PSS;PSP;1411;;Poblacion;Finished;8;individuals
742;IFRC;WASH;Sanitation;Payloader;679;;Midas;Finished;;
743;IFRC;Health ;PSS;PSP;679;;Loacan;Finished;13;individuals
744;IFRC;Health ;PSS;PSP;679;;Ucab;Finished;64;individuals
745;IFRC;Health ;PSS;PSP;1427;;Tuding;Finished;269;individuals
746;IFRC;Health ;PSS;PSP;128;;Loacan;Finished;302;individuals
747;IFRC;Health ;PSS;PSP;129;;Ucab;Finished;64;individuals
748;ICRC;Shelter;Shelter Tool Kits;Shelter Tool Kits;630;;Allangigan;Finished;66;families
749;ICRC;Shelter;Shelter Tool Kits;Tarpaulins;231;;Allangigan;Finished;66;families
750;ICRC;Shelter;Shelter Tool Kits;Shelter Tool Kits;1432;;Ripang;Finished;44;families
751;ICRC;Shelter;Shelter Tool Kits;Tarpaulins;1432;;Ripang;Finished;44;families
752;ICRC;Shelter;Shelter Tool Kits;Shelter Tool Kits;1432;;Buluan;Finished;5;families
753;ICRC;Shelter;Shelter Tool Kits;Tarpaulins;1432;;Buluan;Finished;5;families
754;ICRC;Shelter;Shelter Tool Kits;Shelter Tool Kits;1432;;Mawigue;Finished;53;families
755;ICRC;Shelter;Shelter Tool Kits;Tarpaulins;1432;;Mawigue;Finished;53;families
756;ICRC;Shelter;Shelter Tool Kits;Shelter Tool Kits;1432;;Banban;Finished;130;families
757;ICRC;Shelter;Shelter Tool Kits;Tarpaulins;1432;;Banban;Finished;130;families
758;ICRC;Shelter;Shelter Tool Kits;Shelter Tool Kits;133;;Daga;Finished;65;families
759;ICRC;Shelter;Shelter Tool Kits;Tarpaulins;250;;Daga;Finished;65;families
760;ICRC;Shelter;Shelter Tool Kits;Shelter Tool Kits;155;;Puguin;Delivered;61;families
761;ICRC;Shelter;Shelter Tool Kits;Tarpaulins;369;;Puguin;Finished;61;families
762;ICRC;Shelter;Shelter Tool Kits;Shelter Tool Kits;371;;Calafug;Finished;67;families
763;ICRC;Shelter;Shelter Tool Kits;Tarpaulins;;;Calafug;;67;families
764;PRC;Health ;PSS;PSP;;;Laya West;;66;individuals
765;PRC;Health ;PSS;PSP;;;Cabaruan;;75;individuals
766;PRC;Relief;Ready-to-Eat;Hot Meals;;;Socbot;;368;individuals
767;PRC;Health ;PSS;PSP;;;Socbot;;72;individuals
768;PRC;Health ;PSS;Welfare Desk;;;Aggunetan;;;
769;PRC;Health ;PSS;Welfare Desk;;;Sta Margarita;;;
770;PRC;Health ;PSS;Welfare Desk;;;Tupanna;;;
771;PRC;Health ;PSS;Welfare Desk;;;Nagtupacan;;;
772;ICRC;Relief;Non-Food Items;Tarpaulins;;;;;50;families
773;ICRC;Relief;Non-Food Items;Shelter Tool Kits;;;;;50;families
774;ICRC;Relief;Non-Food Items;Tarpaulins;;;;;8;families
775;ICRC;Relief;Non-Food Items;Shelter Tool Kits;;;;;8;families
776;ICRC;Relief;Non-Food Items;Tarpaulins;;;;;17;families
777;ICRC;Relief;Non-Food Items;Shelter Tool Kits;;;;;17;families
778;ICRC;Relief;Non-Food Items;Tarpaulins;;;;;2;families
779;ICRC;Relief;Non-Food Items;Shelter Tool Kits;;;;;2;families
780;ICRC;Relief;Non-Food Items;Tarpaulins;;;;;22;families
781;ICRC;Relief;Non-Food Items;Shelter Tool Kits;;;;;22;families
782;ICRC;Relief;Non-Food Items;Tarpaulins;;;;;3;families
783;ICRC;Relief;Non-Food Items;Shelter Tool Kits;;;;;3;families
784;ICRC;Relief;Non-Food Items;Tarpaulins;;;;;2;families
785;ICRC;Relief;Non-Food Items;Shelter Tool Kits;;;;;2;families
786;ICRC;Relief;Non-Food Items;Tarpaulins;;;;;2;families
787;ICRC;Relief;Non-Food Items;Shelter Tool Kits;;;;;2;families
788;ICRC;Relief;Non-Food Items;Tarpaulins;;;;;9;families
789;ICRC;Relief;Non-Food Items;Shelter Tool Kits;;;;;9;families
790;ICRC;Relief;Non-Food Items;Tarpaulins;;;;;3;families
791;ICRC;Relief;Non-Food Items;Shelter Tool Kits;;;;;3;families
792;ICRC;Relief;Non-Food Items;Tarpaulins;;;;;12;families
793;ICRC;Relief;Non-Food Items;Shelter Tool Kits;;;;;12;families
794;ICRC;Relief;Non-Food Items;Tarpaulins;;;;;3;families
795;ICRC;Relief;Non-Food Items;Shelter Tool Kits;;;;;3;families
796;ICRC;Relief;Non-Food Items;Tarpaulins;;;;;5;families
797;ICRC;Relief;Non-Food Items;Shelter Tool Kits;;;;;5;families
798;ICRC;Relief;Non-Food Items;Tarpaulins;;;;;4;families
799;ICRC;Relief;Non-Food Items;Shelter Tool Kits;;;;;4;families
800;ICRC;Relief;Non-Food Items;Tarpaulins;;;;;4;families
801;ICRC;Relief;Non-Food Items;Shelter Tool Kits;;;;;4;families
802;ICRC;Relief;Non-Food Items;Tarpaulins;;;;;4;families
803;ICRC;Relief;Non-Food Items;Shelter Tool Kits;;;;;4;families
804;ICRC;Relief;Non-Food Items;Tarpaulins;;;;;7;families
805;ICRC;Relief;Non-Food Items;Shelter Tool Kits;;;;;7;families
806;PRC;Relief;Food Items;Food Items (Standard);;;Naguey;;125;families
807;PRC;Relief;Ready-to-Eat;Biscuits;;;Linao East;;280;individuals
808;PRC;Relief;Ready-to-Eat;Biscuits;;;Sta. Margarita;;;individuals
809;PRC;Relief;Ready-to-Eat;Biscuits;;;Sta. Margarita;;;individuals
810;PRC;Relief;Ready-to-Eat;Biscuits;;;Awallan;;;individuals
811;PRC;Relief;Ready-to-Eat;Biscuits;;;Sta. Margarita;;600;individuals
812;PRC;Relief;Ready-to-Eat;Biscuits;;;Sta. Margarita;;200;individuals
813;PRC;Relief;Ready-to-Eat;Biscuits;;;Awallan;;1000;individuals
814;PRC;Relief;Ready-to-Eat;Biscuits;;;San Vicente;;588;individuals
815;PRC;Relief;Ready-to-Eat;Biscuits;;;Bitag Grande;;678;individuals
